,gender,email,phone,cell,nat,name.title,name.first,name.last,location.street.number,location.street.name,location.city,location.state,location.country,location.postcode,location.coordinates.latitude,location.coordinates.longitude,location.timezone.offset,location.timezone.description,login.uuid,login.username,login.password,login.salt,login.md5,login.sha1,login.sha256,dob.date,dob.age,registered.date,registered.age,id.name,id.value,picture.large,picture.medium,picture.thumbnail
3,male,bernardo.dejesus@example.com,(682) 443 0020,(640) 900 9320,MX,Mr,Bernardo,de Jesús,7386,Viaducto Olmos,Tzimol,Chiapas,Mexico,97593,-84.7995,-62.7411,+9:30,"Adelaide, Darwin",3ae4b99b-ba33-415d-a0cf-d1d8f321238f,bigrabbit502,zang,AkzVNHD9,0044a243277ddb2c6733e1ce1a0464d1,5401cc228e0a2091e7e6cb569c2ffca3bab0060c,7fe0e117ee3689b6cda925d519523385ffc28007966f50a3a736489f0c6ee9ea,1994-07-31T21:19:30.570Z,28,2006-01-01T15:21:43.877Z,17,NSS,83 92 95 8504 9,https://randomuser.me/api/portraits/men/83.jpg,https://randomuser.me/api/portraits/med/men/83.jpg,https://randomuser.me/api/portraits/thumb/men/83.jpg
4,male,benvindo.aragao@example.com,(80) 0140-0673,(43) 7755-7070,BR,Mr,Benvindo,Aragão,4391,Rua Rio de Janeiro ,Guaratinguetá,Mato Grosso do Sul,Brazil,11880,73.8119,-104.7250,-10:00,Hawaii,c4e73bcc-808b-4ac3-b401-7a024ebfe2f6,heavyrabbit763,lonewolf,SbgIioN6,2573f2a6da9eedb5cb44324e407fd904,246cf5b03e6a4a791489b47d81ec00d557d0c8d3,d45fe00712a0a7afd68b62cd9206afa2a4a251cb1165f6c08dd3969f9e3c70c2,1972-05-15T18:03:38.963Z,50,2003-05-19T04:34:50.582Z,19,CPF,107.200.437-10,https://randomuser.me/api/portraits/men/34.jpg,https://randomuser.me/api/portraits/med/men/34.jpg,https://randomuser.me/api/portraits/thumb/men/34.jpg
5,male,arnaud.smith@example.com,Q00 S54-3911,H24 G58-2006,CA,Mr,Arnaud,Smith,6476,Coastal Highway,Inverness,Manitoba,Canada,E7C 2Q4,-60.7506,-29.9140,-7:00,Mountain Time (US & Canada),ca87ff1c-7e3d-4d37-a600-4061f00f630c,yellowostrich388,marma,oti2CKTI,cbd33489f0d1946199aa315a91a78e95,df7f99b6076b5c85d0afaeea49ffad2b9dd9a4e3,6b3766e1f2fab35c89c87b5781cd7b14a1c9c2f1878d9f28462e3b9a9dc266f8,1965-06-03T00:13:54.441Z,57,2015-11-18T20:49:15.657Z,7,SIN,632117099,https://randomuser.me/api/portraits/men/14.jpg,https://randomuser.me/api/portraits/med/men/14.jpg,https://randomuser.me/api/portraits/thumb/men/14.jpg
6,male,rasmus.hansen@example.com,36393617,85739709,DK,Mr,Rasmus,Hansen,8596,Bytoften,Ryslinge,Danmark,Denmark,98614,-18.3735,147.2744,-7:00,Mountain Time (US & Canada),3e9d816e-1320-4179-970b-01823ae87cb7,blackelephant242,waffle,TG6vxzvB,aa254291f9c3fa25883d653b4e6ae534,9d794fc02759fad7716e2441f75375c5c56bf23a,57818e06998fc8d608870bbf72ce9c43b913549d2041bc72d5e43d455cd141cc,1948-07-18T13:36:09.656Z,74,2020-04-07T03:20:51.776Z,2,CPR,180748-8997,https://randomuser.me/api/portraits/men/23.jpg,https://randomuser.me/api/portraits/med/men/23.jpg,https://randomuser.me/api/portraits/thumb/men/23.jpg
7,male,nitesh.raval@example.com,8168659950,8144828253,IN,Mr,Nitesh,Raval,3115,Sampige Rd,Ratlam,Haryana,India,41328,-79.6436,-55.9962,-3:00,"Brazil, Buenos Aires, Georgetown",d112711a-c565-4bb9-9c0c-120c41075c10,tinyfish805,celica,elQs6f9k,49ee0ffdb07816c44d83c0fef43f39ba,e946428e7d36ed8c504d574cc38535e8cd535e89,0d30a13128548498c22f5946af7bdd32a383b8ec1803547b43184df8027c91be,1992-12-28T02:16:11.688Z,30,2016-03-31T02:23:22.962Z,6,UIDAI,820745116020,https://randomuser.me/api/portraits/men/67.jpg,https://randomuser.me/api/portraits/med/men/67.jpg,https://randomuser.me/api/portraits/thumb/men/67.jpg
16,male,yahya.voogd@example.com,(0240) 551536,(06) 68222313,NL,Mr,Yahya,Voogd,5845,Hoogakkerpad,Vredepeel,Overijssel,Netherlands,0701 UV,-65.0121,-7.1992,-3:30,Newfoundland,86813b10-5dfd-4b9f-acf0-a676073d4384,blackostrich149,cherries,m8I8RCYO,736de93fba4b74979dcb78ed7898b661,887111973f2c505064fbf61b6968d10daa2bcfa5,0272bebab5069951e572292923699923c1be3769ff35fe88c66be0297d621078,1991-12-14T08:44:34.849Z,31,2021-04-06T22:19:01.587Z,1,BSN,61064967,https://randomuser.me/api/portraits/men/91.jpg,https://randomuser.me/api/portraits/med/men/91.jpg,https://randomuser.me/api/portraits/thumb/men/91.jpg
17,male,jordan.anderson@example.com,011-681-3128,081-472-1558,IE,Mr,Jordan,Anderson,3285,Church Street,Cork,Galway City,Ireland,52956,-24.8784,130.2319,-6:00,"Central Time (US & Canada), Mexico City",45fe33c9-e3b9-4ffd-8cd0-4a0b6a693f0a,whiteelephant721,yankee,e6nYTf3f,7a6803879caf4c825ab21dbf390bbae9,5b77b269709ba770b1e8b16f7b5561243de3225f,b897596536b061bd676be93d6f35193986cc5c3088b54e56242cca1b4ac05ca7,1976-05-03T02:58:43.993Z,46,2009-02-19T23:59:46.852Z,13,PPS,3626838T,https://randomuser.me/api/portraits/men/33.jpg,https://randomuser.me/api/portraits/med/men/33.jpg,https://randomuser.me/api/portraits/thumb/men/33.jpg
18,male,anton.halko@example.com,07-366-644,047-492-89-36,FI,Mr,Anton,Halko,9698,Hermiankatu,Rusko,Finland Proper,Finland,96571,81.6471,-27.2018,-9:00,Alaska,71c08305-f37a-499a-92a5-ed0a3274bdc6,lazypeacock191,darkness,qpplkhWA,c274ead65bbb96deea70ee83e88e46f7,6853b0e361e4059a0da18edada6d12518f07d601,c16fabac4bba0a6077016756fc03782333a6b3f71dab45220bfed8362d5fdcdf,1950-08-05T14:54:56.607Z,72,2021-04-02T13:24:04.145Z,1,HETU,NaNNA081undefined,https://randomuser.me/api/portraits/men/50.jpg,https://randomuser.me/api/portraits/med/men/50.jpg,https://randomuser.me/api/portraits/thumb/men/50.jpg
21,male,wyatt.austin@example.com,(274) 412-3655,(201) 392-4125,US,Mr,Wyatt,Austin,2731,Avondale Ave,Vernon,Vermont,United States,75060,75.6598,142.6102,+4:00,"Abu Dhabi, Muscat, Baku, Tbilisi",35399db3-db9a-425d-9698-b7d28c6adc06,whitewolf199,qing,Lgza7maw,4c3dd099cc1dc3ab0010a21eb64eb214,e771e4b1424ac5947436e11483e15448787e2bb9,f10aa91f3d32a3b090727bdad2f5d202a4dd743ab965a2a1f43a85e13fb9e78a,1950-04-20T22:32:50.503Z,72,2002-10-19T23:26:33.513Z,20,SSN,248-77-5823,https://randomuser.me/api/portraits/men/61.jpg,https://randomuser.me/api/portraits/med/men/61.jpg,https://randomuser.me/api/portraits/thumb/men/61.jpg
26,male,zoreslav.zubchenko@example.com,(096) I58-9405,(097) M99-8259,UA,Mr,Zoreslav,Zubchenko,5771,Kolodyazna,Oster,Ternopilska,Ukraine,55254,69.9646,162.1940,-12:00,"Eniwetok, Kwajalein",890c9af0-08a2-4841-8686-0abe4bf31ddf,greenwolf512,alpha1,UrUKaVnO,9fce62835033eb398cd591a840d72503,7e5569084ce3ddae0a9315fd43e04479edc9dd4c,294ead4b2274accac2dbe94d05672e7cfa02f296e652a581e586b06b62c3c29e,1983-09-27T16:24:37.563Z,39,2015-06-01T21:37:49.851Z,7,,,https://randomuser.me/api/portraits/men/90.jpg,https://randomuser.me/api/portraits/med/men/90.jpg,https://randomuser.me/api/portraits/thumb/men/90.jpg
30,male,felix.miller@example.com,R50 G77-8477,V34 Z85-7281,CA,Mr,Felix,Miller,1852,22nd Ave,Jasper,Québec,Canada,L0G 7N2,-78.5538,31.7029,+5:30,"Bombay, Calcutta, Madras, New Delhi",dcb6fe59-cebb-43f8-bb7d-a32a0dfe4b7c,ticklishpeacock947,blanche,dsizkz6o,7eb3448c59af6f2dd8fa4adc2af32bd8,c895cf5a8ff012f0ae301fc049e4654a23843c2a,b8b1348b285cb6084b4449db0d02aa8ca201f9f0cd5ea0f9527cdedc89f5bd1f,1981-07-23T09:06:24.255Z,41,2002-05-16T09:17:13.871Z,20,SIN,613173863,https://randomuser.me/api/portraits/men/23.jpg,https://randomuser.me/api/portraits/med/men/23.jpg,https://randomuser.me/api/portraits/thumb/men/23.jpg
33,male,yagnesh.nair@example.com,7600587657,8522419040,IN,Mr,Yagnesh,Nair,6406,S.A Rd,Kota,Gujarat,India,46880,-19.8118,-133.1076,+7:00,"Bangkok, Hanoi, Jakarta",4d6c4298-d5b4-4ad5-9541-11f3c2f43422,biglion322,romeo1,qZzsh6bQ,77560e14effc8b84f4187af5f09d6a4a,a77126f276970e40a2b5c5efd7dc9468462a11ae,8dc156e6598b7446025247807247dc6a1cd365831ef7a28284c6073ee6c70cc6,1993-05-31T22:25:04.485Z,29,2022-03-14T10:08:07.794Z,0,UIDAI,482731787795,https://randomuser.me/api/portraits/men/77.jpg,https://randomuser.me/api/portraits/med/men/77.jpg,https://randomuser.me/api/portraits/thumb/men/77.jpg
36,male,kuzey.yetkiner@example.com,(168)-899-9859,(115)-869-4275,TR,Mr,Kuzey,Yetkiner,2888,Istiklal Cd,Balıkesir,İstanbul,Turkey,76140,-84.3434,-44.8809,+10:00,"Eastern Australia, Guam, Vladivostok",f1aed6e1-b7b1-48c0-892a-8a6ce35eefcf,happylion615,rugby1,WtPzQ7G0,655c69013063ebb7f5274487c442bdb2,d498c81b0d428bed3568803ff7be808be2c9c972,954988fff2d29c74c09ebe0634ad0960ef52bff739a15d698077516250369997,1944-12-08T12:46:18.451Z,78,2020-03-13T21:03:39.778Z,2,,,https://randomuser.me/api/portraits/men/72.jpg,https://randomuser.me/api/portraits/med/men/72.jpg,https://randomuser.me/api/portraits/thumb/men/72.jpg
37,male,jeremy.french@example.com,G92 D88-6606,L30 W61-8733,CA,Mr,Jeremy,French,5677,St. Lawrence Ave,Richmond,Ontario,Canada,O9N 3G1,-76.8477,-111.6406,-3:00,"Brazil, Buenos Aires, Georgetown",b014249a-829e-46c5-95b3-4a6889654cd2,sadrabbit686,clipper,csXfu7m0,7fa0a80b4d1a280b37314bc0b873ca6e,d4da58c6189b6fec9b9d53ba5208ad57b55edb77,b12a4b628097ead2d340a8373544e771bc1082b04d6143150e0eeebe6b3f2468,1997-04-02T20:03:28.102Z,25,2012-09-26T18:20:07.707Z,10,SIN,277338331,https://randomuser.me/api/portraits/men/67.jpg,https://randomuser.me/api/portraits/med/men/67.jpg,https://randomuser.me/api/portraits/thumb/men/67.jpg
38,male,aiden.ross@example.com,I95 U64-5397,G77 E46-6771,CA,Mr,Aiden,Ross,5341,Frederick Ave,Armstrong,British Columbia,Canada,A9Y 9X6,-66.2928,179.2883,+6:00,"Almaty, Dhaka, Colombo",7f7f0940-eeb9-4160-b305-bfe11091c652,heavyduck791,ibanez,6CTGdzkB,2fd6bdb37c46090ca919afd731bd765d,3b80d19ebe086642ebecbc24b5e3025b67fe3c5c,63255f0b5c2a561dd09d33ec3b646a98d0793b92a389006e134885f57ac0b410,1977-10-21T13:57:20.645Z,45,2006-04-08T18:29:36.996Z,16,SIN,717255475,https://randomuser.me/api/portraits/men/86.jpg,https://randomuser.me/api/portraits/med/men/86.jpg,https://randomuser.me/api/portraits/thumb/men/86.jpg
39,male,benito.narvaez@example.com,(678) 997 9843,(632) 550 8560,MX,Mr,Benito,Narváez,4401,Callejón Francia,Jalpan de Serra,Tamaulipas,Mexico,35333,-39.9509,-43.3879,-4:00,"Atlantic Time (Canada), Caracas, La Paz",a881023f-4724-4837-9bc9-d367c205590d,redzebra423,bosco,A4RJOj7w,547067a250430e338ecad25a681a0d1a,f334a7f4a1cc80bdede9302bf4e716b13f33ebf3,8faf5d097193da1f7afd91f068f469f58c3e6abb82eb257da5a5520c7a7a78cf,1980-01-31T14:01:26.781Z,43,2006-11-26T22:50:21.841Z,16,NSS,50 30 01 5467 9,https://randomuser.me/api/portraits/men/63.jpg,https://randomuser.me/api/portraits/med/men/63.jpg,https://randomuser.me/api/portraits/thumb/men/63.jpg
41,male,jesus.campbell@example.com,017683 33657,07692 567298,GB,Mr,Jesus,Campbell,4779,Highfield Road,Glasgow,Bedfordshire,United Kingdom,NI44 4YW,-2.2855,-1.7600,-2:00,Mid-Atlantic,012498b4-a686-49eb-a415-dbea03f52611,purpleduck686,husker,JP3IUMB0,cf5b7febc55cc8e4a8437e6ce6c8c73b,8169dbfa56e368a7a6729344e8425776d574292c,9a3fece9597fa920770458bb2e784503c3e7aeb8af0bd37da5cdd8b885cc664b,1949-01-29T07:44:27.146Z,74,2019-08-29T00:29:45.996Z,3,NINO,WE 75 90 24 C,https://randomuser.me/api/portraits/men/23.jpg,https://randomuser.me/api/portraits/med/men/23.jpg,https://randomuser.me/api/portraits/thumb/men/23.jpg
42,male,jar.fox@example.com,01-8354-4931,0497-377-892,AU,Mr,Jar,Fox,1281,Hunters Creek Dr,Sydney,New South Wales,Australia,4190,60.8812,-114.2927,-6:00,"Central Time (US & Canada), Mexico City",2b658189-85b1-4e3c-b8fd-8b0341e2c000,purpleladybug693,camp,5ysI2ElC,cb072c721c8056c17db68c9cecc4f687,2ef67af7a5c154194295e7c68dbb0c1e355efcca,2fbf8a1a1b7a69a5834bb6103d70e1c497a2dfe8e126b3fa875e35d59de4f51f,1970-04-30T13:06:51.589Z,52,2009-05-18T01:56:05.082Z,13,TFN,213963667,https://randomuser.me/api/portraits/men/39.jpg,https://randomuser.me/api/portraits/med/men/39.jpg,https://randomuser.me/api/portraits/thumb/men/39.jpg
44,male,cemal.gerke@example.com,0339-0009983,0172-6092467,DE,Mr,Cemal,Gerke,3377,Waldstraße,Weil am Rhein,Brandenburg,Germany,13043,19.0952,-5.9186,-3:00,"Brazil, Buenos Aires, Georgetown",ae34ab5e-baa6-4ff6-aef7-dfa229daaf2a,heavycat112,shopping,YzM4f8v2,65ec2140b9578bde66c3b3fdec2c5824,074d19205717d79545c70cc907bf496cf78075c2,1932f6541ba99009dce285a1af3d8aa596521182679c94a3b58753ca4688fd2e,1998-10-21T18:49:17.806Z,24,2021-07-17T06:00:51.482Z,1,SVNR,67 211098 G 078,https://randomuser.me/api/portraits/men/2.jpg,https://randomuser.me/api/portraits/med/men/2.jpg,https://randomuser.me/api/portraits/thumb/men/2.jpg
45,male,luca.boyer@example.com,05-90-52-57-06,06-81-04-48-28,FR,Mr,Luca,Boyer,6641,Rue Louis-Garrand,Colombes,Sarthe,France,70260,-44.5277,154.3492,-7:00,Mountain Time (US & Canada),2acce8bb-c94b-4cba-a4b1-8c62b93ec540,silverpanda858,truck1,m0RA7RwB,96b4d87b093d2378071126e6202dea5a,15984d1b88bd3fccd9acd8111510cfc1b4f3425f,38b829b1c4c41d6d5ee9ebc4922b17388eafdb68bdf9948262633d7de32cebd9,1969-06-15T15:54:27.174Z,53,2016-01-21T19:26:42.188Z,7,INSEE,1690557605967 49,https://randomuser.me/api/portraits/men/55.jpg,https://randomuser.me/api/portraits/med/men/55.jpg,https://randomuser.me/api/portraits/thumb/men/55.jpg
46,male,salvador.steward@example.com,016974 89376,07917 739196,GB,Mr,Salvador,Steward,7255,Albert Road,Ripon,Wiltshire,United Kingdom,B1 2XQ,-35.4631,154.6291,+5:00,"Ekaterinburg, Islamabad, Karachi, Tashkent",dbb1105c-cfcc-4411-95a0-60c5252b1619,brownleopard421,babyboy,cALmJ0wG,3e6ccc9b4539cb4ef31f7165dcee5929,62b88314a839a6b242aa8156a17dd91b25fca025,ff0c6f076c821af584fc42996752ab0f600f99f134bd70747b4a0c27dd8374c0,1976-03-11T12:27:47.367Z,46,2006-03-25T07:11:23.539Z,16,NINO,HZ 06 34 39 U,https://randomuser.me/api/portraits/men/88.jpg,https://randomuser.me/api/portraits/med/men/88.jpg,https://randomuser.me/api/portraits/thumb/men/88.jpg
47,male,joseph.taylor@example.com,(938)-040-7493,(917)-033-5080,NZ,Mr,Joseph,Taylor,5821,Domain Road,Lower Hutt,Northland,New Zealand,39146,76.4349,-144.0792,-6:00,"Central Time (US & Canada), Mexico City",de1f09c7-bc4e-4e56-853b-38e9cc462575,silverrabbit249,express,NqgbA1kf,821ec36988c9f71b053be697b527bc6e,4c1ba0205b51982d4e8ab88e768deb2b2337d39f,ce2a82d80a90b6900ff64ec9b0c37a89f1b04408d44c6922c5905356f91763ea,1974-03-16T14:09:21.920Z,48,2019-10-20T02:07:16.592Z,3,,,https://randomuser.me/api/portraits/men/20.jpg,https://randomuser.me/api/portraits/med/men/20.jpg,https://randomuser.me/api/portraits/thumb/men/20.jpg
49,male,thibaut.rodriguez@example.com,01-45-77-92-94,06-31-78-46-91,FR,Mr,Thibaut,Rodriguez,6202,Rue de Cuire,Amiens,Lot-et-Garonne,France,70880,-63.0214,-162.9667,0:00,"Western Europe Time, London, Lisbon, Casablanca",1bd4a116-9942-4a3b-8854-f888dd47bbe2,beautifuldog301,epsilon,506OPLNj,27daafee5604b5a14b6af95db1952d15,2e72ceb945f0033efa85ced12fff3a1fa637c180,f536434c3be48c36954c2bbf1a631c113f36a773f81ced05cd88a57bf42bb7eb,1991-11-27T08:04:22.140Z,31,2009-09-01T06:45:34.907Z,13,INSEE,1911075214877 06,https://randomuser.me/api/portraits/men/96.jpg,https://randomuser.me/api/portraits/med/men/96.jpg,https://randomuser.me/api/portraits/thumb/men/96.jpg
51,male,storm.jorgensen@example.com,96197400,45593142,DK,Mr,Storm,Jørgensen,4946,Brinken,Saltum,Syddanmark,Denmark,89326,89.2652,-20.4852,-6:00,"Central Time (US & Canada), Mexico City",0897eec3-8f28-4707-ba03-2b2113474d1f,smallcat726,beetle,Qmm1MbIf,374b7dcbab37b2350ae6a53cad130b3a,642ca455ae1311839dcf10a11962d3b0b56307e9,8e9d00f66244db1ed805814864d97c46f40e5fb43260967b323760515017d787,1990-02-05T13:21:53.415Z,33,2021-02-26T17:49:08.330Z,1,CPR,050290-7627,https://randomuser.me/api/portraits/men/41.jpg,https://randomuser.me/api/portraits/med/men/41.jpg,https://randomuser.me/api/portraits/thumb/men/41.jpg
52,male,ottfried.wiemer@example.com,0738-3856409,0177-0750198,DE,Mr,Ottfried,Wiemer,8224,Beethovenstraße,Gaildorf,Thüringen,Germany,41756,-17.9879,-128.5143,+9:00,"Tokyo, Seoul, Osaka, Sapporo, Yakutsk",d1069e4c-935b-4cd8-acec-a7f6733571dd,yellowladybug593,4121,7tHIoh9y,d71766d595d761ecf2676f58d0400428,3fa8d55e7bcc837841806d95de43dad6c1e749f5,1151c7cb0ba770e683ae8cc5bc1a2e26f702fe7e5dab6ff00bb3e0b1e3f4a8e5,1966-09-08T21:40:17.957Z,56,2006-02-24T14:02:21.346Z,16,SVNR,38 080966 W 005,https://randomuser.me/api/portraits/men/61.jpg,https://randomuser.me/api/portraits/med/men/61.jpg,https://randomuser.me/api/portraits/thumb/men/61.jpg
54,male,blake.peters@example.com,021-669-2917,081-421-3792,IE,Mr,Blake,Peters,2519,Westmoreland Street,Wicklow,Carlow,Ireland,85679,-31.4189,34.9981,-1:00,"Azores, Cape Verde Islands",51bcad7c-b8a0-4cb1-a8f1-991aa9b1f249,ticklishladybug223,redbull,SOpNdBPD,7c1a61d6cb97384f31f9ba616ddf71ad,e61759310aa7734201bacd5e28b15fdf05f5844b,b70364cbbb94c1dff3c752a20a693a361537f3c16db4db5d498b82bbfa7161e8,1983-07-14T20:37:27.522Z,39,2005-01-20T09:57:25.479Z,18,PPS,6709710T,https://randomuser.me/api/portraits/men/87.jpg,https://randomuser.me/api/portraits/med/men/87.jpg,https://randomuser.me/api/portraits/thumb/men/87.jpg
55,male,syn.sdr@example.com,087-28309632,0939-837-6638,IR,Mr,سینا,صدر,7663,30 تیر,ارومیه,خراسان جنوبی,Iran,71422,-2.3586,136.0465,-6:00,"Central Time (US & Canada), Mexico City",ca380b92-78fc-4e55-b5c8-c382421e84a3,heavyladybug842,dance,iEDX4QT3,7c2a509794bdf7c3b905729be08775ec,64b89914d58d60a86965e2a604c5490f64267ae6,80939bdbabcfef91b0ac00db1f468f44f2e7303caab98b78e90dfee4d3b37b90,1983-06-22T11:12:48.553Z,39,2020-01-23T06:00:10.755Z,3,,,https://randomuser.me/api/portraits/men/40.jpg,https://randomuser.me/api/portraits/med/men/40.jpg,https://randomuser.me/api/portraits/thumb/men/40.jpg
57,male,charles.addy@example.com,H04 V89-7867,K72 O87-8390,CA,Mr,Charles,Addy,6780,Lakeview Ave,Victoria,British Columbia,Canada,D3G 4O3,37.6349,4.0255,+6:00,"Almaty, Dhaka, Colombo",f2f1795a-698d-4fd7-90de-41d386b4c232,orangegoose277,gizmodo1,MueGanhT,c540387841ceeb90388bc8d741c1a358,aef1ee9d2e7e1a65f80c3927bc67f382c06794aa,4651c4d881a14347d00936283c09071100a5acfc5d65b8d562dd7f6ac5793139,1979-06-11T20:51:15.921Z,43,2011-03-30T11:13:29.770Z,11,SIN,581564564,https://randomuser.me/api/portraits/men/58.jpg,https://randomuser.me/api/portraits/med/men/58.jpg,https://randomuser.me/api/portraits/thumb/men/58.jpg
58,male,louis.brown@example.com,W83 N88-5702,U95 J90-3097,CA,Mr,Louis,Brown,8935,Coastal Highway,Enterprise,British Columbia,Canada,U5B 4Q4,22.1968,-131.0246,+6:00,"Almaty, Dhaka, Colombo",296b5a35-dba7-4741-9717-d7acb6f8e4c3,bigostrich763,nang,ci6y2IJ3,548cc32bee5805424ae8abcb233a481e,35e736ff07d16f7b363f22e0c32750d4923bd714,170c338039b14a6c44d4c775d9f4d3aee8dc8ca6b438816d345ee3e329c57b32,1945-11-18T10:52:48.863Z,77,2009-08-20T17:20:52.377Z,13,SIN,140314808,https://randomuser.me/api/portraits/men/30.jpg,https://randomuser.me/api/portraits/med/men/30.jpg,https://randomuser.me/api/portraits/thumb/men/30.jpg
59,male,ryan.richard@example.com,077 852 01 80,075 320 63 22,CH,Monsieur,Ryan,Richard,2199,Rue Dugas-Montbel,Vufflens-la-Ville,Fribourg,Switzerland,5449,52.6879,-12.8892,0:00,"Western Europe Time, London, Lisbon, Casablanca",a663d03c-8790-4058-ba0f-98fb25119195,orangeduck346,wage,GmxHSXDb,1b9763f07ba9eb8391f9e0c966cef91f,02bbd62f463c452c70814b184edfd6565077cd51,35738f435eb955f367590dc12da24d9a8027cbbc0b24a31c88d24e00badd3a43,1959-05-16T19:37:39.887Z,63,2014-07-24T12:00:59.596Z,8,AVS,756.1976.6551.62,https://randomuser.me/api/portraits/men/38.jpg,https://randomuser.me/api/portraits/med/men/38.jpg,https://randomuser.me/api/portraits/thumb/men/38.jpg
62,male,gene.burns@example.com,02-4189-1276,0468-459-208,AU,Mr,Gene,Burns,5194,E Sandy Lake Rd,Geelong,Queensland,Australia,7173,-61.8333,-41.3150,+3:00,"Baghdad, Riyadh, Moscow, St. Petersburg",7b832530-7a50-45b7-80eb-d17b6361e5c9,biggorilla192,platypus,ugIeWQZ6,6fab060e7b4748a096efb695773792a7,6aa58a8510c1ecc3c000870dec6662f97bbb23f7,2ef02d3d3e81f851a2a365052b71965d915cb287d1307148b7f0e8c9b5379111,1953-04-06T18:19:28.495Z,69,2011-12-18T02:48:21.865Z,11,TFN,673584547,https://randomuser.me/api/portraits/men/97.jpg,https://randomuser.me/api/portraits/med/men/97.jpg,https://randomuser.me/api/portraits/thumb/men/97.jpg
66,male,kenan.ozkok@example.com,(792)-652-6677,(892)-462-1235,TR,Mr,Kenan,Özkök,1575,Necatibey Cd,Osmaniye,Rize,Turkey,17507,65.3625,20.1471,+11:00,"Magadan, Solomon Islands, New Caledonia",3fad05f0-f2a7-4509-a67d-a4a86c2d4f93,whitekoala367,damon,VYCRwmeC,a58d9f7cdde7d03209cfe4c69ce96bd9,010b34582790c0c6cec095b1ccc15959b8842585,d9f13f361bc6723baa5be721a8a2dc76cba8c94e770832f4776472291bc48013,1991-10-10T01:57:27.068Z,31,2017-04-30T01:47:41.275Z,5,,,https://randomuser.me/api/portraits/men/78.jpg,https://randomuser.me/api/portraits/med/men/78.jpg,https://randomuser.me/api/portraits/thumb/men/78.jpg
67,male,milian.mirza@example.com,57812347,48346212,NO,Mr,Milian,Mirza,5719,Sørkedalsveien,Høyanger,Trøndelag,Norway,4153,83.4362,105.7378,0:00,"Western Europe Time, London, Lisbon, Casablanca",d876dea5-c3bc-4d0e-abab-a76a7d54c4ab,tinydog900,xxxxxxx,rLi7JHV2,e5121277c921e9a2200d482eb51cea5f,6d2e2c5f641ef481b4c1bc6c429071d119875393,fa83ffd00114f39f5dfa8e4834d2cbd71b0270dd0f445bce14db5ae14ff5345d,1974-03-12T18:01:03.623Z,48,2013-10-25T18:34:16.370Z,9,FN,12037410991,https://randomuser.me/api/portraits/men/60.jpg,https://randomuser.me/api/portraits/med/men/60.jpg,https://randomuser.me/api/portraits/thumb/men/60.jpg
71,male,viljami.hokkanen@example.com,07-812-635,044-632-65-47,FI,Mr,Viljami,Hokkanen,4002,Siilitie,Hamina,Southern Ostrobothnia,Finland,71738,60.0276,174.7569,+7:00,"Bangkok, Hanoi, Jakarta",0053e2cb-471c-4299-ad5a-cdced79e604a,bigpanda999,brian,I2Fab5vy,1c3cd4e60d259450cb6dc1db31b76976,1a3337513203a54f4ce3695446c6ab98e0533097,39a5b2a158710d28808981ad0ddde0c7c4bb82710a08d97ba1219bfe74bf1e99,1959-04-27T13:20:28.120Z,63,2010-08-17T18:24:02.708Z,12,HETU,NaNNA201undefined,https://randomuser.me/api/portraits/men/99.jpg,https://randomuser.me/api/portraits/med/men/99.jpg,https://randomuser.me/api/portraits/thumb/men/99.jpg
74,male,felix.harcourt@example.com,G16 I18-5062,I45 I15-5004,CA,Mr,Felix,Harcourt,275,15th St,Wellington,New Brunswick,Canada,Y4N 1B2,60.0221,-31.1039,-1:00,"Azores, Cape Verde Islands",41e0ac19-3dfc-40a0-89cc-99c883472f16,orangefrog243,fishman,hiOUVqAu,24cec7ac028d7c29a0e744c4bcaa0ded,b30d7550938fb523476fa77f2c5c604466e2b408,3ef8e006405958ef743bb9450237f8c3e164b0bce0baebbe3628915a1683e7e0,1980-06-06T20:56:48.552Z,42,2012-06-05T13:36:41.077Z,10,SIN,073158586,https://randomuser.me/api/portraits/men/39.jpg,https://randomuser.me/api/portraits/med/men/39.jpg,https://randomuser.me/api/portraits/thumb/men/39.jpg
75,male,elmer.rogers@example.com,08-4478-6113,0469-893-745,AU,Mr,Elmer,Rogers,8577,First Street,Brisbane,Tasmania,Australia,5867,-85.8716,-4.5323,+9:00,"Tokyo, Seoul, Osaka, Sapporo, Yakutsk",d3c42cdb-cf8a-490e-868b-eab06e1e2c28,organicsnake155,band,pdcscn16,5bfc5e12ca9b2bbd094472e8028ac66d,87cd717015c27fe8a295d0ce7b859b32dbb9ddf3,1fe151b5e882d094389b04dba54ceb14d0a78cccc4b70bbc5f563acb8edaaba1,1960-05-25T08:10:01.087Z,62,2012-11-26T05:24:41.551Z,10,TFN,243836416,https://randomuser.me/api/portraits/men/90.jpg,https://randomuser.me/api/portraits/med/men/90.jpg,https://randomuser.me/api/portraits/thumb/men/90.jpg
81,male,murat.durmaz@example.com,(838)-755-6045,(253)-454-7837,TR,Mr,Murat,Durmaz,1758,Tunalı Hilmi Cd,Ordu,Hakkâri,Turkey,80651,25.7822,-130.5701,+10:00,"Eastern Australia, Guam, Vladivostok",cb564ae4-1aaf-4e76-997d-d1189bc9e415,bigbear354,velvet,CNvqbFtD,37436b8b4f9e295c8fa6fd1b6ca59088,898ff714e8af6e54c2b7714ab35aa2057d763773,8cc25917b41439fc4d1c0ba996983cc930b7062bcb8f8c8b01314c7dff80c4b3,1953-10-24T19:39:39.536Z,69,2006-05-10T15:43:07.889Z,16,,,https://randomuser.me/api/portraits/men/0.jpg,https://randomuser.me/api/portraits/med/men/0.jpg,https://randomuser.me/api/portraits/thumb/men/0.jpg
83,male,vladimir.kalinic@example.com,039-5320-744,064-4829-180,RS,Mr,Vladimir,Kalinić,931,Miće Radosavljevića,Jagodina,Rasina,Serbia,70487,-14.6671,138.1343,-2:00,Mid-Atlantic,13fcc681-8be2-460f-a081-4dc1490d94bc,angrydog328,twelve,G4FnEDOZ,33ccea625729e1a033d1cc384b239daa,0ecd6832b2660bba0a877d522266f73532d70634,0d1b0ffdda4008d6464cf822b1d8eb8b0dc23caacd0669cf3feeeeabe1a8e1e2,1985-12-27T01:52:39.137Z,37,2018-12-13T19:58:25.237Z,4,SID,862375190,https://randomuser.me/api/portraits/men/1.jpg,https://randomuser.me/api/portraits/med/men/1.jpg,https://randomuser.me/api/portraits/thumb/men/1.jpg
84,male,caio.dapaz@example.com,(78) 1485-2038,(85) 9181-8059,BR,Mr,Caio,da Paz,5719,Rua Dois,Campo Largo,Goiás,Brazil,23986,-30.1716,-65.6633,+10:00,"Eastern Australia, Guam, Vladivostok",e5619f85-4226-40cc-8702-ee7b80627773,redelephant934,goodboy,6J21XVK2,fa171019dfd5f622f601dffabb83c9ef,868c3a4f5e296e3d7543bed4cc473605471c8bea,edfe9200bae59cd40353386dd3ade5c11a0c94f20dab604d9e82afdd3f87faff,1969-01-12T19:10:37.515Z,54,2011-11-02T07:35:00.776Z,11,CPF,755.641.444-91,https://randomuser.me/api/portraits/men/33.jpg,https://randomuser.me/api/portraits/med/men/33.jpg,https://randomuser.me/api/portraits/thumb/men/33.jpg
85,male,diego.centeno@example.com,(604) 497 2997,(669) 704 8681,MX,Mr,Diego,Centeno,2242,Peatonal San Marino,Ciudad Jiménez,Zacatecas,Mexico,30745,48.2810,30.2992,0:00,"Western Europe Time, London, Lisbon, Casablanca",3d4e9c97-86fb-43bb-a69a-bc2e5c3de182,redmeercat471,firewall,bC5rKIrg,ba53b157513f2f1b5938cf7653723e5a,81c172f45dc5599d18c685e3ef13d6c4b8d819f2,0e40cff1ea9e3ef98d7d646c953f60e2ae44b10631adb15911acc00d9cb0aa7e,1976-05-16T20:26:01.181Z,46,2006-05-15T22:11:06.757Z,16,NSS,80 26 02 0183 8,https://randomuser.me/api/portraits/men/96.jpg,https://randomuser.me/api/portraits/med/men/96.jpg,https://randomuser.me/api/portraits/thumb/men/96.jpg
86,male,vicente.lopez@example.com,931-898-545,680-974-484,ES,Mr,Vicente,López,4727,Avenida de Andalucía,Logroño,La Rioja,Spain,81302,6.4566,80.4968,-8:00,Pacific Time (US & Canada),cb4e3310-3f3d-4be8-8334-db36c40ce7a0,heavytiger973,nineinch,HC4m3t4L,556753931bbb3fb0d63f2967bcf8f5af,adb09ea51e9c71b349a49358bd9b23ed2064378b,2c6e2e16117e160b862b3f15d7140c518b0ea7d8a18825b03a74fb7f9d8a67a7,1983-01-09T04:31:38.094Z,40,2004-03-23T11:46:47.851Z,18,DNI,86765023-H,https://randomuser.me/api/portraits/men/29.jpg,https://randomuser.me/api/portraits/med/men/29.jpg,https://randomuser.me/api/portraits/thumb/men/29.jpg
87,male,gene.roberts@example.com,02-6415-7019,0463-560-247,AU,Mr,Gene,Roberts,1237,E North St,Tamworth,New South Wales,Australia,794,-63.0706,77.3073,+3:30,Tehran,3813a782-b0f4-4a1a-86fb-210fed227565,orangegorilla731,gangster,wdGn20MY,d78ab53fac6fd1e55aad9ecbbfa07a71,cbddf8b76662143c68c40d9ac16b75cb0b753e40,731083ff64989f0d6610abd4e106f75b55a1b3632dde97efa46a4e346bb42c8c,1956-07-13T22:42:35.071Z,66,2008-07-01T05:26:35.010Z,14,TFN,515304411,https://randomuser.me/api/portraits/men/97.jpg,https://randomuser.me/api/portraits/med/men/97.jpg,https://randomuser.me/api/portraits/thumb/men/97.jpg
89,male,nicolas.pijnenburg@example.com,(057) 1318331,(06) 86355881,NL,Mr,Nicolas,Pijnenburg,8664,Breukinkweg,Oostwoud,Gelderland,Netherlands,0182 WQ,35.4953,28.0559,-4:00,"Atlantic Time (Canada), Caracas, La Paz",a2f52af5-93ac-4cfe-8fd6-564991e99181,heavyleopard658,bestbuy,Jo6DGBAD,66943998cabd7a37cf12ce4f4edb2169,fa2e3e9716ad493b91347d459365d1197bb05938,81d3c89881b0e138fc6084d668d1d1d9562e970213be145ad95c016e1860c1db,1946-03-14T21:59:18.495Z,76,2015-06-03T20:43:40.344Z,7,BSN,75367985,https://randomuser.me/api/portraits/men/92.jpg,https://randomuser.me/api/portraits/med/men/92.jpg,https://randomuser.me/api/portraits/thumb/men/92.jpg
92,male,yasnozir.gurinenko@example.com,(067) C83-8354,(098) D72-5916,UA,Mr,Yasnozir,Gurinenko,2565,Dmitra Yavornickogo,Chigirin,Lvivska,Ukraine,90519,30.3415,134.1381,+9:00,"Tokyo, Seoul, Osaka, Sapporo, Yakutsk",8c97f7a3-a1d3-4099-9f64-b69f5d6820ea,redgoose877,mason1,dDt6hg0M,ef4d0b18b58c895c9647af841ef067bb,8c7b12be7b725f3f9c3e99df87ad554dd152d413,7a1d9cfd7febb6df8e39a2c12ac1016789863d3ddf0a7e5c9a49dcb6ad53078f,1981-04-15T07:21:37.193Z,41,2007-10-15T00:45:50.910Z,15,,,https://randomuser.me/api/portraits/men/38.jpg,https://randomuser.me/api/portraits/med/men/38.jpg,https://randomuser.me/api/portraits/thumb/men/38.jpg
93,male,matteo.moreau@example.com,076 820 58 64,079 278 26 53,CH,Monsieur,Matteo,Moreau,1548,Rue de L'Abbé-Roger-Derry,Hornussen,Basel-Landschaft,Switzerland,5321,35.6201,154.0969,+11:00,"Magadan, Solomon Islands, New Caledonia",3dff7161-ec05-4e5c-a598-1da019f60c30,silverbird612,static,oOxWvVcv,029d1b74ec5b86ac3501985adb507033,4771222d90ddf604b482b93c7f1ad5a61ca33dd8,f28dbc464d4ae1739de6f00484f1b1916de4d14c41664c4b90332da63ddafeb7,1960-01-08T02:13:20.303Z,63,2010-01-20T01:36:45.106Z,13,AVS,756.6547.9239.66,https://randomuser.me/api/portraits/men/8.jpg,https://randomuser.me/api/portraits/med/men/8.jpg,https://randomuser.me/api/portraits/thumb/men/8.jpg
95,male,berend.vannieuwenhoven@example.com,(0818) 112432,(06) 71497552,NL,Mr,Berend,Van Nieuwenhoven,1868,Engellandweg,Amstelveen,Flevoland,Netherlands,9531 GF,70.0990,-148.1782,+5:45,Kathmandu,a8612e07-7b0f-488c-a618-e56cae389b3e,whiteduck580,point,mAc65ssT,d8f8a0bd67a8981a3addf8427bc15d01,9ac6bc22ffa2b8e8337eb5376531d54170f78149,7da1d8ad74572c240117c9606e951b9439988e3c579989c84180018a51ba7ac4,1965-07-29T22:39:59.069Z,57,2015-08-01T23:43:23.812Z,7,BSN,96935203,https://randomuser.me/api/portraits/men/96.jpg,https://randomuser.me/api/portraits/med/men/96.jpg,https://randomuser.me/api/portraits/thumb/men/96.jpg
97,male,volkan.erginsoy@example.com,(934)-308-8936,(702)-609-0943,TR,Mr,Volkan,Erginsoy,5286,Abanoz Sk,Tekirdağ,Bursa,Turkey,49808,-75.7821,93.6694,+3:30,Tehran,c8f8d3b8-e037-4103-b432-6c33e648d727,yellowladybug830,screamer,2TbmzNLJ,fadbbdbc6f466f4b2e227cfaec0e99e0,22dda7084dd8b3321be62b2e7d9e0bff6a5966bb,6d408d9b2aa570c685e80519ac5628982ac4eb48c0cbd1d092ef4ca79a9c6da3,1970-07-16T09:13:34.125Z,52,2006-02-02T00:39:21.304Z,17,,,https://randomuser.me/api/portraits/men/59.jpg,https://randomuser.me/api/portraits/med/men/59.jpg,https://randomuser.me/api/portraits/thumb/men/59.jpg
100,male,francisco.perkins@example.com,017684 02970,07291 783715,GB,Mr,Francisco,Perkins,6533,The Green,Bristol,West Sussex,United Kingdom,B5 2WX,19.4921,103.0156,-3:00,"Brazil, Buenos Aires, Georgetown",74af4605-b484-4735-ab79-e64a23768406,silverrabbit639,jacob1,TCka5Qqv,ad06931c7b22ce428d2a086fde642cef,2f4cd78670e46335b90179ea7ef3f8bc39781d80,272240f08c2d032525b81360a704ce30a2413b5119e34bb0acbae4c3ba88cf8a,1980-06-24T20:29:31.911Z,42,2008-11-27T02:21:15.009Z,14,NINO,MJ 49 49 06 V,https://randomuser.me/api/portraits/men/59.jpg,https://randomuser.me/api/portraits/med/men/59.jpg,https://randomuser.me/api/portraits/thumb/men/59.jpg
102,male,same.mcdonalid@example.com,(691) 610-1064,(894) 506-5344,US,Mr,Same,Mcdonalid,2914,Walnut Hill Ln,Gresham,Kentucky,United States,45484,-4.2540,169.3195,+3:00,"Baghdad, Riyadh, Moscow, St. Petersburg",017e952a-c895-45a8-8c99-98f708b8b001,sadleopard813,oatmeal,1Iy4CCct,2306f86f62e24660cc7aa630967c57a1,3717ecf26a684746f5a0f6bca1c4d39425c9476f,5710f8bef77e9b410a890690d87c5dca14eacd2392a62d162de09a56ded5d408,1956-11-11T14:30:56.206Z,66,2010-07-03T23:28:27.367Z,12,SSN,290-48-1051,https://randomuser.me/api/portraits/men/20.jpg,https://randomuser.me/api/portraits/med/men/20.jpg,https://randomuser.me/api/portraits/thumb/men/20.jpg
103,male,artyn.njty@example.com,031-24042964,0961-210-8649,IR,Mr,آرتين,نجاتی,8273,استاد نجات‌اللهی,رشت,کرمان,Iran,13668,-58.9880,66.7237,+9:00,"Tokyo, Seoul, Osaka, Sapporo, Yakutsk",f1cb4410-52e8-415f-994d-8af18f78ed22,purplefish390,bennett,fJFYhAPl,e39fb85697f6185b08017b53aefa5e66,f1bfa01400dad5f6420d289ecbb86c8b472b96ea,697850999a7d0799c98db702b255ccb163fa537bac700cb49a4c4ecea97c4063,1965-12-05T01:25:55.986Z,57,2021-09-14T13:56:40.819Z,1,,,https://randomuser.me/api/portraits/men/76.jpg,https://randomuser.me/api/portraits/med/men/76.jpg,https://randomuser.me/api/portraits/thumb/men/76.jpg
112,male,semibor.dreveckiy@example.com,(096) C43-1883,(097) M10-8434,UA,Mr,Semibor,Dreveckiy,4855,Kavaleridze,Hodoriv,Luganska,Ukraine,98405,75.7472,-125.9683,0:00,"Western Europe Time, London, Lisbon, Casablanca",ea023e8f-5253-4f16-8483-274e287e0361,redmouse194,oilers,CxV5xpvy,5910d298a5123c7e8a2f23787bde1b15,6034cc97f8be1c7b0c4161b19a0ba68fd23a7ff9,957286764a3c21ac6b4a36fad3604109155a8445f8d05472918dc1dad0b88720,1969-05-23T06:04:23.247Z,53,2008-05-04T06:13:15.269Z,14,,,https://randomuser.me/api/portraits/men/73.jpg,https://randomuser.me/api/portraits/med/men/73.jpg,https://randomuser.me/api/portraits/thumb/men/73.jpg
113,male,walter.brown@example.com,015395 64729,07879 492762,GB,Mr,Walter,Brown,1963,Queens Road,Chester,County Armagh,United Kingdom,Y1 6DF,9.2292,-79.2569,+9:30,"Adelaide, Darwin",4ccf2314-f1a5-475f-8c09-b393685a4106,lazyladybug626,scooter1,RMwH5Qbq,b0ab7e42d437e36333c5b592eb63ddbf,1427bbae084096002d303f3f6c6516b05f06a89a,8c017270787ac0c3f87f1e396e3dc6d2033ca3518149058aad6e371ead3ac34e,1997-05-18T15:45:08.620Z,25,2004-06-24T23:57:10.889Z,18,NINO,HP 47 03 92 Y,https://randomuser.me/api/portraits/men/82.jpg,https://randomuser.me/api/portraits/med/men/82.jpg,https://randomuser.me/api/portraits/thumb/men/82.jpg
115,male,guillermo.pascual@example.com,932-057-022,670-871-249,ES,Mr,Guillermo,Pascual,5003,Calle de Ángel García,Cuenca,Cantabria,Spain,67900,-81.1285,-64.4968,+9:00,"Tokyo, Seoul, Osaka, Sapporo, Yakutsk",f575055f-9812-439c-bcf4-984a87db3ff2,yellowkoala355,peanut,EM4CgKsn,fbf147add9889eeecf028f8f6bd0526d,418423f0dadea9d158abc5227cd0e660e61b4fe7,4e87113aae634f82bb1e9665ee6247449f3031ec01bbc47153e33549e85503c5,1975-11-29T18:48:54.106Z,47,2016-08-18T11:24:57.513Z,6,DNI,89709340-R,https://randomuser.me/api/portraits/men/78.jpg,https://randomuser.me/api/portraits/med/men/78.jpg,https://randomuser.me/api/portraits/thumb/men/78.jpg
116,male,alle.weijer@example.com,(083) 7303331,(06) 91791469,NL,Mr,Alle,Weijer,886,Admiraal Lonckestraat,Hof van Twente,Groningen,Netherlands,6283 FP,-27.7353,113.9325,+10:00,"Eastern Australia, Guam, Vladivostok",36e1a8aa-621c-4784-a0ee-79709aefeaa9,purplepeacock493,vancouve,IG56HPVd,b45ee4563542883c9f0cd9ae14a2034c,92f7769526b68eece32c3dc2f9c0c7c1136bdb1d,ffa36b8083fcf65387508dfc3191af603c91b99793630338d13681779178b656,1971-11-07T07:46:25.936Z,51,2015-08-11T00:21:30.486Z,7,BSN,13588524,https://randomuser.me/api/portraits/men/25.jpg,https://randomuser.me/api/portraits/med/men/25.jpg,https://randomuser.me/api/portraits/thumb/men/25.jpg
119,male,frederikke.christiansen@example.com,28230346,92971998,DK,Mr,Frederikke,Christiansen,2183,Bjergvej,St.Merløse,Danmark,Denmark,93634,84.7099,-169.2838,-1:00,"Azores, Cape Verde Islands",f7a09a83-50e4-4141-a437-1bdea33d9081,lazybird850,florian,LvA4aZGS,5f3ff0464c8c3decd2e0bfd2a0b6a9b6,ee6019c4dc8403dcb210ee477f2bff7cbba545b9,d6319d6232041f5f732ec64ac6bf8811dd37f9e91c253ab52110371a571c8a19,1974-11-22T10:18:29.629Z,48,2021-12-26T16:44:21.858Z,1,CPR,221174-9702,https://randomuser.me/api/portraits/men/50.jpg,https://randomuser.me/api/portraits/med/men/50.jpg,https://randomuser.me/api/portraits/thumb/men/50.jpg
120,male,carter.kim@example.com,09-8055-0290,0489-289-128,AU,Mr,Carter,Kim,8242,Dogwood Ave,Bundaberg,Tasmania,Australia,2993,-66.7871,111.8551,+4:00,"Abu Dhabi, Muscat, Baku, Tbilisi",2bcf6fa1-fb71-4079-8e52-74ca4b36bfed,whitegorilla472,llllllll,XjGlFtNM,8d940ab0092e364566c2eebcfcae1457,413975871a30f26b854404194592bb947d86ac75,1da5f9bf5b9ddbf40742928abb6535f4a0c5eae78d4db3539a052a86f1bc9058,1978-04-20T04:21:18.309Z,44,2011-10-06T09:16:49.804Z,11,TFN,393768500,https://randomuser.me/api/portraits/men/11.jpg,https://randomuser.me/api/portraits/med/men/11.jpg,https://randomuser.me/api/portraits/thumb/men/11.jpg
122,male,korniy.sibiga@example.com,(067) U77-8765,(098) H39-2439,UA,Mr,Korniy,Sibiga,8975,Solom'yanska,Korostishiv,Sumska,Ukraine,79576,-76.4135,-122.1061,+5:30,"Bombay, Calcutta, Madras, New Delhi",fe508de4-45eb-47b1-97df-d272519db3a5,tinylion857,shadow1,PjxUfHJy,b8e73d5e2a023b966824e1d5f1f09ee3,c5953957d24ca6bd5aa598624c05fc6ad6de5880,985a78a31d8df27538d2f87f65601b8b877c2c3a7ccc5584f178fc39f0eee8d2,1954-02-27T12:15:03.896Z,68,2010-08-06T09:35:35.588Z,12,,,https://randomuser.me/api/portraits/men/38.jpg,https://randomuser.me/api/portraits/med/men/38.jpg,https://randomuser.me/api/portraits/thumb/men/38.jpg
127,male,salviano.dacosta@example.com,(27) 0838-4563,(45) 9122-3032,BR,Mr,Salviano,da Costa,1693,Rua Principal,Sete Lagoas,Maranhão,Brazil,45733,-13.1357,-54.6187,+5:00,"Ekaterinburg, Islamabad, Karachi, Tashkent",84bb8552-c6f3-4c2a-8178-dda934edd527,whiteostrich328,choice,pvP8j6m0,07261864d9a76df3611895d94cf459bc,bf791bfd621d9262be4ef27bb74e145606fd2ea6,71bccb28b07cd7d6d0d317e14b2f1721ef4035a370a278d650042b6d0d9ea25c,1979-11-11T21:23:06.846Z,43,2020-11-18T18:06:20.611Z,2,CPF,502.477.368-03,https://randomuser.me/api/portraits/men/21.jpg,https://randomuser.me/api/portraits/med/men/21.jpg,https://randomuser.me/api/portraits/thumb/men/21.jpg
128,male,ciske.ester@example.com,(034) 7688550,(06) 99002420,NL,Mr,Ciske,Ester,1163,Boshuizerkade,Oldambt,Drenthe,Netherlands,7962 YA,-50.6628,-171.8184,-5:00,"Eastern Time (US & Canada), Bogota, Lima",ca9e13a5-1803-41b6-8539-79407defceac,redrabbit820,snoopy1,HX5B4Jb7,2af84153f8e8ddeee1018aa5292b9415,3d04b7a0a118d144647055aacfa2ed6aeb2b3702,8909dca49d3d118c58050833e27ef12ba84305fa18053342e9df04425ec6082c,1955-07-02T00:15:58.893Z,67,2013-02-15T00:53:39.648Z,10,BSN,26847245,https://randomuser.me/api/portraits/men/99.jpg,https://randomuser.me/api/portraits/med/men/99.jpg,https://randomuser.me/api/portraits/thumb/men/99.jpg
130,male,konon.bugrov@example.com,(099) B96-6660,(098) U05-8553,UA,Mr,Konon,Bugrov,5202,Vasilya Kirichenka,Bogoduhiv,Sumska,Ukraine,62717,-80.1965,35.9362,-4:00,"Atlantic Time (Canada), Caracas, La Paz",83799ce4-f8fa-4b9b-89ea-385c18c1b18d,lazypeacock169,postal,phxVwYmB,b2f0e26fcea3daded382d578eacffe0b,92d6c56814876039a2ab674cbc5dcc75e17347db,b85002a493cb8ad15e5d714800bf0b02a76a45cca6087445d89baac5a18d7e96,1975-08-04T16:15:54.428Z,47,2009-02-19T09:13:03.966Z,13,,,https://randomuser.me/api/portraits/men/50.jpg,https://randomuser.me/api/portraits/med/men/50.jpg,https://randomuser.me/api/portraits/thumb/men/50.jpg
132,male,bob.castillo@example.com,(802) 612-5650,(990) 224-8641,US,Mr,Bob,Castillo,7556,Homestead Rd,Moscow,Kansas,United States,50218,32.7049,85.5427,+5:30,"Bombay, Calcutta, Madras, New Delhi",054dd58e-d9c1-44cf-85e1-61ebedd87c10,beautifulmouse180,zzzzzz,7NMEPeex,5d66afb9953efbe3b405d7dbc29e7979,ea9429bfa27e3ff3b88b9e0d148eaa5952f33021,0946942ac9d96fc50ca5f3c7c97b0695f6917d523fc19463f575f6d1215c593a,1953-07-20T05:28:13.410Z,69,2015-02-05T16:11:34.185Z,8,SSN,606-73-7600,https://randomuser.me/api/portraits/men/71.jpg,https://randomuser.me/api/portraits/med/men/71.jpg,https://randomuser.me/api/portraits/thumb/men/71.jpg
134,male,ewen.brun@example.com,04-15-37-98-78,06-10-89-13-40,FR,Mr,Ewen,Brun,4171,Rue du Bât-D'Argent,Versailles,Corrèze,France,97060,10.2938,-67.6126,+9:30,"Adelaide, Darwin",611fcf0d-504e-42e6-9ddd-f72d046ea9bf,brownostrich472,gravity,dCtu8AcB,2ecdadfa87fdcc765c1d6ab657e6a3fa,24a2a25d270634659250b28e100e76e251f74f09,8214d1450f546d9d4ad3fa85203e5a0e2de2bf842ab5e94b5195983139ac24c3,2001-01-18T04:26:38.354Z,22,2013-03-25T11:03:10.536Z,9,INSEE,11010087757504 28,https://randomuser.me/api/portraits/men/70.jpg,https://randomuser.me/api/portraits/med/men/70.jpg,https://randomuser.me/api/portraits/thumb/men/70.jpg
135,male,christoffer.jensen@example.com,18734711,09889007,DK,Mr,Christoffer,Jensen,44,Solsikkevej,Haslev,Syddanmark,Denmark,87598,-81.6204,-172.7039,+8:00,"Beijing, Perth, Singapore, Hong Kong",c3288a6b-5b02-4db6-8c83-e4b521323862,lazybear747,meme,EPTBfLvN,bd8f0be7bc5553433d66a9e712c3c968,e6bf41073524ff2bc31ebebd694c5c7bdf796672,7bac15a3c32a3519d62158eacc622cd34299418c1f6ec45b427f423b5beedc93,1992-12-20T07:05:44.585Z,30,2007-09-26T03:42:02.718Z,15,CPR,201292-8682,https://randomuser.me/api/portraits/men/44.jpg,https://randomuser.me/api/portraits/med/men/44.jpg,https://randomuser.me/api/portraits/thumb/men/44.jpg
136,male,baris.tasli@example.com,(635)-876-3837,(172)-794-1067,TR,Mr,Barış,Taşlı,3553,Bağdat Cd,Elazığ,Giresun,Turkey,85295,57.0685,58.0062,-12:00,"Eniwetok, Kwajalein",72dcbb3a-787e-4ea5-a7a9-ff65753da543,greenostrich310,sticky,ZNEKeE6f,aa6ad02aa9d39f3e31ea8dc54d07b9ff,87278cbdb11961738be48e9ec81626b499c9e1ac,8ba4fd7cfe939a20a92951d6ff05f1d40198fb6f95fd28d30f743eb6ef342f44,1964-12-22T13:10:23.803Z,58,2014-04-04T22:13:57.427Z,8,,,https://randomuser.me/api/portraits/men/97.jpg,https://randomuser.me/api/portraits/med/men/97.jpg,https://randomuser.me/api/portraits/thumb/men/97.jpg
137,male,ernest.hamilton@example.com,01-3382-2298,0499-138-701,AU,Mr,Ernest,Hamilton,2375,Rolling Green Rd,Busselton,Western Australia,Australia,3069,55.0822,1.3979,+5:30,"Bombay, Calcutta, Madras, New Delhi",034af9d8-b9fa-4033-910e-c20aafb456f2,yellowrabbit870,heart,diXJvtnh,c43603520236e1cb785ceaea92e489d6,561e2c4283c2d5b11f433b8b55301521f51847cf,479781ec486288949da601c81c37d77b55998c1aad205a21349159a7b9ff39e9,1992-12-25T22:18:26.010Z,30,2017-08-18T19:41:20.059Z,5,TFN,917650908,https://randomuser.me/api/portraits/men/33.jpg,https://randomuser.me/api/portraits/med/men/33.jpg,https://randomuser.me/api/portraits/thumb/men/33.jpg
138,male,maximino.casanova@example.com,(631) 456 8492,(622) 613 8850,MX,Mr,Maximino,Casanova,9619,Continuación Norte Becerra,Cuichapa (Mpio. Moloacan),Campeche,Mexico,31112,-11.7478,39.2032,-5:00,"Eastern Time (US & Canada), Bogota, Lima",e6c1bbec-85c9-4ba7-b116-e2475add1e25,organicmeercat184,bbking,4Kummor8,0d6b1496c4170cfd17a7f64e4f048f13,25f93f3df255be8319505f76fa579fb5caed5b91,00e9f102ec6fb52186c72babf2da1600c099391d8a72ac37b2bdc49bab2c0d2c,1974-06-15T08:03:42.386Z,48,2017-11-07T11:23:07.839Z,5,NSS,03 60 60 6262 0,https://randomuser.me/api/portraits/men/34.jpg,https://randomuser.me/api/portraits/med/men/34.jpg,https://randomuser.me/api/portraits/thumb/men/34.jpg
140,male,daryl.hansen@example.com,(935) 926-5735,(408) 916-5453,US,Mr,Daryl,Hansen,2124,W 6th St,Boulder,North Dakota,United States,35662,-43.4935,-118.1578,-9:00,Alaska,8358bc70-f834-4496-b9d8-403d02540a54,sadmeercat896,aileen,ZMniIiAJ,854c41ee99e8094e0312f495cb91aedd,aa7fde5f3511c578b5047be72f6e50cba8ec3b6d,16fbaf33d86cef99c79bb4d9e0f300de265a8448f5cbf77c69f8ee11b8578406,1957-09-03T04:49:05.219Z,65,2021-02-07T05:23:22.857Z,2,SSN,019-90-8615,https://randomuser.me/api/portraits/men/63.jpg,https://randomuser.me/api/portraits/med/men/63.jpg,https://randomuser.me/api/portraits/thumb/men/63.jpg
141,male,ilhan.obispo@example.com,(090) 0470433,(06) 31133553,NL,Mr,Ilhan,Obispo,9272,Bolster,Susteren,Zeeland,Netherlands,3007 CW,-43.0902,-131.3301,+1:00,"Brussels, Copenhagen, Madrid, Paris",fca9991a-46c5-4c0f-a6d3-d5020aa7ac89,lazyduck127,cloud9,DzlpTGP5,5b60fa171ab8d2482b791abba1af86d6,b4c75d75183deb356c5684fb88051c859aed031c,8d21384780c6cc3c1eba9f721cf2eb28f4c34e7086e307f406e45cf6e7ac9eb9,1970-09-21T05:06:25.123Z,52,2016-08-02T23:18:39.340Z,6,BSN,98952224,https://randomuser.me/api/portraits/men/83.jpg,https://randomuser.me/api/portraits/med/men/83.jpg,https://randomuser.me/api/portraits/thumb/men/83.jpg
143,male,tim.dasilva@example.com,04-30-77-18-35,06-41-26-26-94,FR,Mr,Tim,Da Silva,6050,Rue de L'Abbé-Carton,Colombes,Morbihan,France,54515,-67.5880,13.3853,0:00,"Western Europe Time, London, Lisbon, Casablanca",93ea251e-8647-4945-8abd-a512f1e24989,happybird646,vbnm,6oPpS8mx,ea6e81142542fa0d34db4b60f35e4d38,05f7fdf18e79f76f087ad064ea9ec4e17f689745,697ba09e819810274ac18de24c65500c8c8c7209a9bf67b2ba629f3872919e8b,1960-01-27T03:32:11.060Z,63,2015-09-30T07:02:42.858Z,7,INSEE,1600009076805 84,https://randomuser.me/api/portraits/men/28.jpg,https://randomuser.me/api/portraits/med/men/28.jpg,https://randomuser.me/api/portraits/thumb/men/28.jpg
144,male,akseli.ruona@example.com,09-342-435,048-246-45-85,FI,Mr,Akseli,Ruona,5897,Mechelininkatu,Rautalampi,Tavastia Proper,Finland,29361,-65.2749,26.8218,+11:00,"Magadan, Solomon Islands, New Caledonia",9ffab122-3e74-45ff-9890-f20161883577,greentiger145,laurent,3YPNAixN,240cf723356298418219dfaa27a85f13,b883beeb3b92fed8804fb39e148d7513654419b2,c768351969353c8f01d9375e647e76332194afd1fdcf5ff7096f14c3d452a77e,1962-01-22T10:39:30.494Z,61,2003-06-07T18:58:10.609Z,19,HETU,NaNNA357undefined,https://randomuser.me/api/portraits/men/13.jpg,https://randomuser.me/api/portraits/med/men/13.jpg,https://randomuser.me/api/portraits/thumb/men/13.jpg
145,male,isidoro.novaes@example.com,(93) 0160-2070,(75) 2515-1382,BR,Mr,Isidoro,Novaes,6351,Rua Paraná ,Nova Friburgo,Mato Grosso,Brazil,66960,-30.4989,-145.0554,-3:30,Newfoundland,81cadeb1-6127-4f47-9ee2-3bb9d79f31e9,organickoala666,knickers,64FtXBpd,c391822a5e92f8b1d416eb85035712ac,4d6705d3d35ee15e9d2ae7343519b360cd5a8862,653a481310222c092447db3c90576869f4eb753167f002d4439a1f976033d6cd,1978-05-19T03:30:03.697Z,44,2011-07-22T14:03:25.939Z,11,CPF,481.248.379-40,https://randomuser.me/api/portraits/men/61.jpg,https://randomuser.me/api/portraits/med/men/61.jpg,https://randomuser.me/api/portraits/thumb/men/61.jpg
146,male,upkaar.rao@example.com,7305009493,8880645991,IN,Mr,Upkaar,Rao,3309,S.A Rd,Karawal Nagar,Andhra Pradesh,India,53871,43.5198,-41.2243,+4:30,Kabul,9d686bb3-fd3a-4691-a149-50bde8ace48e,smallleopard474,weed420,OsPxzT73,fb997f4c7ec68bbc4df8ddcee8677574,43e7917de2f6f70490f34d690916e23bf11a212a,84201638a6641ba7479f8303dfc311ab8c42a69f08afefbcc93e31ead1b14e0b,1995-11-03T00:08:31.248Z,27,2009-02-08T04:24:49.834Z,14,UIDAI,146926448812,https://randomuser.me/api/portraits/men/7.jpg,https://randomuser.me/api/portraits/med/men/7.jpg,https://randomuser.me/api/portraits/thumb/men/7.jpg
154,male,andreas.mehl@example.com,62655403,44168801,NO,Mr,Andreas,Mehl,2527,Katy Dues vei,Lauvsnes,Finnmark - Finnmárku,Norway,8503,0.1388,-113.8766,+6:00,"Almaty, Dhaka, Colombo",6c564c67-618f-4e7a-8f29-1efe4a8218cf,sadbird147,rampage,S7MwQnyC,41441bc1c8d59d20369e1f3fe441891e,ad813f65d2f13889169924b156f54f783bce2a93,a2e0cd9ca5d307082fb7f4b1f011a9f94478bb2ccbc6241c495bfbde817b4b5a,1993-08-18T12:11:31.677Z,29,2009-03-06T20:49:11.029Z,13,FN,18089301137,https://randomuser.me/api/portraits/men/6.jpg,https://randomuser.me/api/portraits/med/men/6.jpg,https://randomuser.me/api/portraits/thumb/men/6.jpg
156,male,mhmdprs.zraay@example.com,000-05170119,0940-427-6671,IR,Mr,محمدپارسا,زارعی,8469,میدان صادقیه,دزفول,خراسان رضوی,Iran,74387,-47.7040,68.0071,+6:00,"Almaty, Dhaka, Colombo",201b35bb-093e-4fa9-a727-079b4f094989,smallswan105,yosemite,6CekeU1y,d453cb5c5ffe77beffb42145b38e7a5d,8c047ed02477949977b198d06331f6b6422a2a77,e57d742e5cda48075b18eb147f4948a6d28de09fdc0533f146b07452cbf01794,1994-10-03T19:14:31.367Z,28,2003-07-24T14:34:38.669Z,19,,,https://randomuser.me/api/portraits/men/89.jpg,https://randomuser.me/api/portraits/med/men/89.jpg,https://randomuser.me/api/portraits/thumb/men/89.jpg
158,male,ege.ayverdi@example.com,(856)-759-8188,(842)-288-0221,TR,Mr,Ege,Ayverdi,8642,Necatibey Cd,Adana,Bursa,Turkey,65854,77.7470,159.7179,-4:00,"Atlantic Time (Canada), Caracas, La Paz",5c98a940-6ab9-4e88-ac4d-01aa9c928675,organicmouse900,michaela,OecfyC3V,1c820385b9a1804945f2cc24facc6059,8be2dfad4f405637269db8354c27b607c5073786,1bec53404b0e40201cb181088eef43eff014628649e1cc0e764f21c64155409f,1996-06-12T22:22:40.155Z,26,2010-07-31T17:07:35.528Z,12,,,https://randomuser.me/api/portraits/men/18.jpg,https://randomuser.me/api/portraits/med/men/18.jpg,https://randomuser.me/api/portraits/thumb/men/18.jpg
159,male,oscar.abraham@example.com,0097-8738891,0173-1668358,DE,Mr,Oscar,Abraham,3670,Mühlweg,Wittenberg,Niedersachsen,Germany,16136,-39.5566,79.9121,-6:00,"Central Time (US & Canada), Mexico City",63ea662f-2d6d-41ca-8d80-0e5621bf46fb,greenbutterfly685,foster,LprKktGy,674972f71c677947a209f9ab634f5eae,5eaa1b64dd806aaf3d6ecbde94f28b5037cdf430,b87cdce07779a0fa1f71269a41ebbded44e8660629a6157c47d65f1584f26dd8,1980-08-07T04:10:18.008Z,42,2002-09-04T11:15:04.981Z,20,SVNR,13 060880 A 248,https://randomuser.me/api/portraits/men/58.jpg,https://randomuser.me/api/portraits/med/men/58.jpg,https://randomuser.me/api/portraits/thumb/men/58.jpg
163,male,leo.carpenter@example.com,051-541-0701,081-544-7089,IE,Mr,Leo,Carpenter,2515,New Street,Carrigtwohill,Carlow,Ireland,35960,41.7132,-17.5201,-7:00,Mountain Time (US & Canada),5eb8c6b9-1da5-418d-aa63-d34daff9249c,sadgoose493,team,TMpaleBu,c861e040bfa72a9f3f2e9b28952a132f,73c5e88458a05ad4cbeed0d81065d42b66581093,505becdafa868a5a5dcab742513f26ce874311e37ba6a8d8378d1bd3a8771f09,1994-09-24T02:59:05.000Z,28,2014-11-22T11:25:18.607Z,8,PPS,7583686T,https://randomuser.me/api/portraits/men/5.jpg,https://randomuser.me/api/portraits/med/men/5.jpg,https://randomuser.me/api/portraits/thumb/men/5.jpg
164,male,tracy.reed@example.com,04-0143-5908,0492-010-279,AU,Mr,Tracy,Reed,4987,Samaritan Dr,Brisbane,Tasmania,Australia,4988,4.3596,-15.9862,+7:00,"Bangkok, Hanoi, Jakarta",dac57f57-4569-4863-9756-600f3322acc4,whitesnake442,peepee,QTDZFgBk,5f823890971ae97870a3699d52454c16,bc527f8c95c8906f41bd00dea67f084b18fba41c,31a886bfd0fd1e098314392904db4da51050ea28e46d6d92d545dbe566ba2c9d,1997-12-05T10:43:26.485Z,25,2011-03-22T15:32:26.582Z,11,TFN,717016320,https://randomuser.me/api/portraits/men/7.jpg,https://randomuser.me/api/portraits/med/men/7.jpg,https://randomuser.me/api/portraits/thumb/men/7.jpg
165,male,ljubisa.simeonovic@example.com,019-0055-292,065-7304-930,RS,Mr,Ljubiša,Simeonović,4771,Tatjane Bošnjak,Rekovac,Braničevo,Serbia,70246,-12.7648,-63.6536,-12:00,"Eniwetok, Kwajalein",5852a864-1942-4d80-a356-852880166b56,silverladybug812,evil,68CgldCy,2b12da1da5b1a3bcc31c4e488e70a28c,e1d5b0915592e575c3279996eaf1cef3491f8eea,28270fb801cb2eb5b4ddb6e21245da108f7f92f70ffb519582fb847bc6885b23,1953-06-19T01:28:58.412Z,69,2012-04-03T03:15:08.847Z,10,SID,936491333,https://randomuser.me/api/portraits/men/88.jpg,https://randomuser.me/api/portraits/med/men/88.jpg,https://randomuser.me/api/portraits/thumb/men/88.jpg
166,male,adan.corrales@example.com,(600) 276 8614,(697) 256 9976,MX,Mr,Adán,Corrales,633,Diagonal Oaxaca,Oxkutzcab,Jalisco,Mexico,44565,72.5340,-179.5674,+5:00,"Ekaterinburg, Islamabad, Karachi, Tashkent",8d9fa4d0-772b-44eb-a2f3-30623c80b857,sadlion994,ccccccc,eqBhhKWP,10481424f7c7c7181bf513eced908e21,9ac4dee8bbdfe16a37a754c15781f0f3f1cd45c9,0c91e42bede0284ca1b585097961ad404c6d67a1fbd3212044e7ffc83c4e0f48,1985-01-08T12:44:26.775Z,38,2005-08-30T02:08:16.835Z,17,NSS,29 14 89 0759 5,https://randomuser.me/api/portraits/men/32.jpg,https://randomuser.me/api/portraits/med/men/32.jpg,https://randomuser.me/api/portraits/thumb/men/32.jpg
169,male,jesse.halonen@example.com,06-188-381,046-855-87-23,FI,Mr,Jesse,Halonen,1296,Bulevardi,Jämijärvi,Ostrobothnia,Finland,52623,-45.1144,7.9537,-9:00,Alaska,0b6edd47-bfaf-4db3-9e1b-30dab4d0fee5,silversnake140,opus,RRJJsyGL,dd75971424254315408b9da317889a6d,e79db26eefbfd920093cbe7eb24ca62a2818fbec,c5d318c6e80e930586cee23038b5aa206ecca33caa1b1b5aa51c10c9f7e7014d,1995-07-19T01:11:03.366Z,27,2013-11-08T11:21:49.623Z,9,HETU,NaNNA703undefined,https://randomuser.me/api/portraits/men/63.jpg,https://randomuser.me/api/portraits/med/men/63.jpg,https://randomuser.me/api/portraits/thumb/men/63.jpg
171,male,shane.perry@example.com,016977 6115,07376 476155,GB,Mr,Shane,Perry,5074,Park Road,Leicester,County Antrim,United Kingdom,O72 2AL,-5.7998,122.3970,+1:00,"Brussels, Copenhagen, Madrid, Paris",f11bc14e-307e-430c-821a-f4040c3a0b53,smallmouse572,jazz,7UFELoS9,c3f287f50fe706c17dde1a4eaeee8e55,de7d7882dd56e44ce0587117903ee519c1f1d5ab,7d7f082d456cd6dc6b50a0c09ae6f14797556581a40e63d6e75697c8ef573a69,1988-04-10T07:42:42.620Z,34,2011-03-15T02:36:49.164Z,11,NINO,PA 59 15 29 V,https://randomuser.me/api/portraits/men/12.jpg,https://randomuser.me/api/portraits/med/men/12.jpg,https://randomuser.me/api/portraits/thumb/men/12.jpg
172,male,gavin.mills@example.com,041-854-8181,081-051-5704,IE,Mr,Gavin,Mills,8317,Dublin Road,Letterkenny,Fingal,Ireland,61003,1.7697,113.4360,+2:00,"Kaliningrad, South Africa",8eae7820-3014-4ced-82ba-300403de19d0,blackostrich453,teddybea,7woYc8mm,e0cfdc974b27e06e716fd9b2c5c0a445,8b12ea4242ae672e9622867d081036bcf36ad33e,3b18103232718dfad08da97d3e840308060899cf2cad63cf8229d038d0c5ac38,1991-05-18T21:54:20.478Z,31,2021-02-21T20:22:37.976Z,1,PPS,5517401T,https://randomuser.me/api/portraits/men/93.jpg,https://randomuser.me/api/portraits/med/men/93.jpg,https://randomuser.me/api/portraits/thumb/men/93.jpg
174,male,naveen.patil@example.com,8562955798,8809573777,IN,Mr,Naveen,Patil,9415,Rajpur Rd,Bhagalpur,Chhattisgarh,India,23771,-72.1051,53.0494,+5:45,Kathmandu,e4db8524-15b1-4462-857b-c7625bfb3bf5,blackkoala606,charly,uJtgyHdf,abe4e944594c8de0425f0c7a11892020,6b68806ded7e2969e9c7c49c9478fe150313bb93,da9b12acbaf8796e0eb356682757be18e588f78f5528f7896c3ea5285dad2ab8,1994-05-05T04:16:03.693Z,28,2011-12-01T15:37:11.408Z,11,UIDAI,664469528463,https://randomuser.me/api/portraits/men/61.jpg,https://randomuser.me/api/portraits/med/men/61.jpg,https://randomuser.me/api/portraits/thumb/men/61.jpg
176,male,jacob.pedersen@example.com,80491488,63333742,DK,Mr,Jacob,Pedersen,8616,Septembervej,København Ø,Syddanmark,Denmark,48107,-77.5242,104.5842,-4:00,"Atlantic Time (Canada), Caracas, La Paz",7784873a-08dd-43b1-841c-51164b543208,lazyleopard289,alisha,Oyo4155V,7d47027d2faeee2e73e81ce0aafd90ce,36b215f6467a93109a2324726caad7e61f7aca4a,c30dbc3753ff410b14b687337ec96c9449d4b84ac6f4e9cddf51ddf949701b4c,1980-09-25T08:02:46.158Z,42,2016-08-31T15:20:09.881Z,6,CPR,250980-3673,https://randomuser.me/api/portraits/men/59.jpg,https://randomuser.me/api/portraits/med/men/59.jpg,https://randomuser.me/api/portraits/thumb/men/59.jpg
177,male,jesus.wagner@example.com,(249) 511-9664,(379) 972-6361,US,Mr,Jesus,Wagner,7907,Avondale Ave,Santa Clarita,Illinois,United States,73792,-21.7995,-4.6371,+10:00,"Eastern Australia, Guam, Vladivostok",ddfde872-0fb4-4d6c-84a2-9cc70c506b7a,saddog557,goldeney,Um9SqkFT,a39f3ed1e3e48023e7458f6a267b0545,0353cd58a38b92d5c7c9ffb47d8d3a6cb8dc6ddf,8e5d445f2c341591224b17326b43512bf96bf1dfe3fb308a129f952083b39758,1987-03-02T11:53:00.428Z,35,2004-10-23T10:26:19.881Z,18,SSN,549-55-6612,https://randomuser.me/api/portraits/men/31.jpg,https://randomuser.me/api/portraits/med/men/31.jpg,https://randomuser.me/api/portraits/thumb/men/31.jpg
179,male,oliver.larsen@example.com,04502780,78388584,DK,Mr,Oliver,Larsen,5681,Gartnervænget,Nørrebro,Danmark,Denmark,84890,82.1022,73.0639,+5:00,"Ekaterinburg, Islamabad, Karachi, Tashkent",dc7ec6be-1df1-4438-9a21-b613723183e5,orangesnake342,sassy1,KExdxKd0,c421849d255b82765fef1fa878b9ff0d,e7c9be53da237319d4eabb312d86855a77027d2f,5baa754f6b03627ea6afe96d279d91a424f0ae5cb7af9f5af9554fe658ff05f4,1979-10-15T18:50:45.935Z,43,2011-11-13T09:10:35.850Z,11,CPR,151079-9121,https://randomuser.me/api/portraits/men/1.jpg,https://randomuser.me/api/portraits/med/men/1.jpg,https://randomuser.me/api/portraits/thumb/men/1.jpg
181,male,marin.giraud@example.com,03-35-87-22-91,06-03-49-29-23,FR,Mr,Marin,Giraud,5197,Rue de L'Abbaye,Montreuil,Hauts-de-Seine,France,26607,-27.8730,157.9382,-9:00,Alaska,f90c3714-5cee-43df-9893-a7bf08ab419b,blackbear765,absolute,uY5iAmEt,6425331c4c49cf0b6bda29c0af012ca6,542a849d38edecaf03d5cb51d851dc1c48168e8b,e7edb1bf52bd0a9b6c15ec530b1a317853ead0a778666b2e489538cc3ec1ad3a,1972-03-17T05:50:33.266Z,50,2016-02-16T11:07:04.289Z,7,INSEE,1720232558015 78,https://randomuser.me/api/portraits/men/35.jpg,https://randomuser.me/api/portraits/med/men/35.jpg,https://randomuser.me/api/portraits/thumb/men/35.jpg
182,male,friedrich-karl.willer@example.com,0493-3542819,0172-8140729,DE,Mr,Friedrich-Karl,Willer,2999,Berliner Straße,Greußen,Brandenburg,Germany,98826,-63.8682,-79.3822,-12:00,"Eniwetok, Kwajalein",470da40b-56a5-4cd3-8897-1ce81833d29c,tinybear456,brooks,balNIoc1,a9881129c74b5ea0626bff0701ad3573,8b2ec6d47af8ac0cabf22abf8510f5b06795fb4a,12b141c9c79fca29cbd5a44d85a32a07f27f295be4f2dce0dae1a01f0f323124,1982-11-20T03:12:03.639Z,40,2008-02-27T12:32:21.871Z,14,SVNR,13 191182 W 195,https://randomuser.me/api/portraits/men/36.jpg,https://randomuser.me/api/portraits/med/men/36.jpg,https://randomuser.me/api/portraits/thumb/men/36.jpg
183,male,filipe.bertrand@example.com,075 546 21 59,079 851 91 66,CH,Monsieur,Filipe,Bertrand,7612,Avenue Debrousse,Bourrignon,Neuchâtel,Switzerland,4922,6.7706,-4.7682,+5:00,"Ekaterinburg, Islamabad, Karachi, Tashkent",e6e62f8d-32ce-47a0-99cc-cb64a70e0c7a,whitemeercat628,lights,af9DzXHN,7f6c122e7b096a61f4f11150bd2aacb0,aa507db527efc449b1885e0a553794a477203f67,6bf22d3889ba345a3e0e5b621c90cba859e141339d26c443ebffd44c833ae621,1978-12-03T23:53:34.814Z,44,2015-09-12T20:54:15.341Z,7,AVS,756.8291.2673.66,https://randomuser.me/api/portraits/men/42.jpg,https://randomuser.me/api/portraits/med/men/42.jpg,https://randomuser.me/api/portraits/thumb/men/42.jpg
184,male,shyn.mwswy@example.com,084-08747633,0971-974-7252,IR,Mr,شایان,موسوی,5389,شیخ فضل الله نوری,اردبیل,قزوین,Iran,56872,72.8862,-118.1500,+1:00,"Brussels, Copenhagen, Madrid, Paris",8d5f475c-2e53-4c90-9cbf-01273d5abec7,redelephant447,dima,h5wQkNQb,70edd4dff10d406a57cacabc7ff906bf,1f3afe322d12b846d98a7f6f330bef38fe7843a3,d823d416ff4c7abb788314f2f314d5e7eb1a7713e39c7125606fbdfd74131761,2001-02-04T01:48:18.464Z,22,2010-06-21T20:56:05.204Z,12,,,https://randomuser.me/api/portraits/men/8.jpg,https://randomuser.me/api/portraits/med/men/8.jpg,https://randomuser.me/api/portraits/thumb/men/8.jpg
186,male,oguzhan.pektemek@example.com,(898)-499-3164,(251)-424-4275,TR,Mr,Oğuzhan,Pektemek,3077,Atatürk Sk,Kayseri,Kırşehir,Turkey,54219,-35.5669,162.2210,+10:00,"Eastern Australia, Guam, Vladivostok",2aa5c7a5-4085-47f1-8423-0d5cb88a0784,tinyelephant748,eeeeeee,UDW3OLCL,e0e66bd79e43052989f04d47a9610a6b,82c58adab021361d72de0d9d6b7914d14680dda9,612f509bc6523b29797e0edf66b5a7675568d93a49c22a174749ab6e5144dc79,1970-11-17T05:00:44.240Z,52,2016-07-20T00:17:19.921Z,6,,,https://randomuser.me/api/portraits/men/93.jpg,https://randomuser.me/api/portraits/med/men/93.jpg,https://randomuser.me/api/portraits/thumb/men/93.jpg
187,male,sphr.hmdy@example.com,052-82269872,0980-284-2763,IR,Mr,سپهر,احمدی,4646,آیت‌الله مدنی,یزد,سیستان و بلوچستان,Iran,24579,2.4249,-59.4994,-11:00,"Midway Island, Samoa",696cd5b8-85c3-4704-8cbd-4e59f7199169,redsnake390,screamer,lfrLf6HP,dd5c4b2526b60b21a3cafc2fd039c09f,f218ddd5e78abf1deb6a389fff0a197a2e5248d4,9d2ff9a3ec6474f911d1a37784456e03226852a641f994479ecf1b457993ff83,1947-07-05T23:50:37.567Z,75,2006-02-05T22:06:45.957Z,17,,,https://randomuser.me/api/portraits/men/27.jpg,https://randomuser.me/api/portraits/med/men/27.jpg,https://randomuser.me/api/portraits/thumb/men/27.jpg
188,male,maxime.andre@example.com,078 969 24 04,079 329 87 71,CH,Monsieur,Maxime,Andre,4136,Rue de la Fontaine,Bannwil,Nidwalden,Switzerland,5241,-25.0979,-169.5133,+9:00,"Tokyo, Seoul, Osaka, Sapporo, Yakutsk",348c5ab5-bc01-4b2f-aca9-306c2e46194b,happygoose918,expert,0j3GlD0C,0a590bfa69f277c93907bdcd32849ee5,e3b8e8c41866a2050ce829fa0620b2e3dc1e6c09,2b0861121f68e676c21df28a559637ee8d87e54b82999a9d21c8440afcc43427,1946-09-27T20:19:00.689Z,76,2007-12-16T21:50:06.880Z,15,AVS,756.4560.2715.99,https://randomuser.me/api/portraits/men/84.jpg,https://randomuser.me/api/portraits/med/men/84.jpg,https://randomuser.me/api/portraits/thumb/men/84.jpg
189,male,alfred.larsen@example.com,93945745,06952119,DK,Mr,Alfred,Larsen,3480,Birkebakken,København Ø,Danmark,Denmark,93656,30.9756,11.3327,+1:00,"Brussels, Copenhagen, Madrid, Paris",e8377ade-024b-4d0e-a863-0b6767e4f2d0,crazyrabbit925,bottom,V3NhF5qd,95a25f4fdadbeee2ef5c80f581cf99fa,69c9cc9e87a384099023467463acbdbe6bb34ac5,37bfe1af38c5676c5f4bdf34972a78089d6166269862b5843774d401c0a2495b,1951-11-28T10:55:26.834Z,71,2015-01-22T09:58:09.414Z,8,CPR,281151-4591,https://randomuser.me/api/portraits/men/68.jpg,https://randomuser.me/api/portraits/med/men/68.jpg,https://randomuser.me/api/portraits/thumb/men/68.jpg
191,male,aaly.hsyny@example.com,056-25371899,0965-471-7147,IR,Mr,علی,حسینی,2009,برادران سلیمانی,بابل,ایلام,Iran,61669,-29.4278,99.0183,+10:00,"Eastern Australia, Guam, Vladivostok",e17e8315-de8e-42d2-908e-b88b72766f3a,yellowelephant541,dark,I6L5gcr4,33c161a3de93ec63baaa0c05f9e20dd4,e84a72a5b79fd247fa148e89eebb6c7fa256dc76,8805e0a00bbeeb873ba73c57397a8b56180b607dc62e8c588438aea90af8686d,1992-01-28T08:39:50.433Z,31,2007-01-02T12:27:12.531Z,16,,,https://randomuser.me/api/portraits/men/16.jpg,https://randomuser.me/api/portraits/med/men/16.jpg,https://randomuser.me/api/portraits/thumb/men/16.jpg
194,male,fernao.silveira@example.com,(24) 9216-9061,(27) 9250-1615,BR,Mr,Fernão,Silveira,2817,Rua Dois,Macaé,Acre,Brazil,99141,-54.4419,134.8135,+2:00,"Kaliningrad, South Africa",4e9a7efa-1452-4eed-868e-0fb76e7cac99,bigleopard312,market,3py8fePY,794284ff88b4af0cc9bb032e7e11e633,10104ac4a0ec774b203f965df3d6a50c1a772f78,1889291fb62cd52e0b56db534cbf65328ead9c1b43e1c574540a4537fb1f0fa4,1972-09-16T13:40:23.131Z,50,2003-08-18T22:40:35.243Z,19,CPF,438.528.343-63,https://randomuser.me/api/portraits/men/86.jpg,https://randomuser.me/api/portraits/med/men/86.jpg,https://randomuser.me/api/portraits/thumb/men/86.jpg
197,male,jack.barnaby@example.com,Q99 B03-9029,Z32 D96-5437,CA,Mr,Jack,Barnaby,4354,Maple Ave,Fountainbleu,Québec,Canada,U5B 8P8,-82.0029,133.6045,+2:00,"Kaliningrad, South Africa",9deb10e0-53aa-4657-af3a-2756a35a3af4,sadelephant188,hattrick,rYmxbmGY,b583ab80e01f814f8e60f72d603956d8,8394734ecedbcec6dc283984ef19d2a4dadb9564,7db237446abbf2888979d2cf7267d9cdb18e8f43fd50cf60fa4d96f8ae5768d1,1978-11-17T16:04:47.721Z,44,2007-01-27T06:13:20.625Z,16,SIN,518895669,https://randomuser.me/api/portraits/men/90.jpg,https://randomuser.me/api/portraits/med/men/90.jpg,https://randomuser.me/api/portraits/thumb/men/90.jpg
198,male,magnus.rasmussen@example.com,06188524,60470511,DK,Mr,Magnus,Rasmussen,3009,Langelinie,Roedovre,Midtjylland,Denmark,28809,-17.0440,95.9681,+6:00,"Almaty, Dhaka, Colombo",ea4a84d3-a449-43e7-8767-27890ae9c353,happybird327,tiny,qPKJUf2Z,e2eb2308f2eca3854a0a18c129758586,d4ca9c3b70278743c8d62c3522955b5cc24cb83d,713540bc2db401805139c12c3c47740bb72a8a38cd36ee0b43a172055f15807b,1999-02-20T15:25:48.099Z,23,2010-09-28T01:56:22.729Z,12,CPR,200299-3358,https://randomuser.me/api/portraits/men/77.jpg,https://randomuser.me/api/portraits/med/men/77.jpg,https://randomuser.me/api/portraits/thumb/men/77.jpg
200,male,joseph.tipparti@example.com,9643072686,9107628621,IN,Mr,Joseph,Tipparti,435,Chaman Ganj,Hajipur,Telangana,India,57762,-43.7067,127.5406,+1:00,"Brussels, Copenhagen, Madrid, Paris",aa800ef7-e20e-4e31-8c79-017154d2b15f,goldenostrich990,lawman,IXW2rZZ0,e4278e3c1c34985d4eada500afd12f9c,2c81e4659d21c8322a8d1ee87e819af52b1f4b06,11586b7f6a980c04b8c197c892ce24d7098d7ac259249069e699557cca8b915c,1985-05-14T19:28:15.960Z,37,2011-03-28T12:41:21.619Z,11,UIDAI,466722308176,https://randomuser.me/api/portraits/men/50.jpg,https://randomuser.me/api/portraits/med/men/50.jpg,https://randomuser.me/api/portraits/thumb/men/50.jpg
